"","spp","year","tp_med","tp_upper","tp_lower"
"1","LAAL",1891,3.86857524451055,4.08616478818034,3.66014013558998
"2","LAAL",1892,3.8725071545957,4.0718674381388,3.69040103808704
"3","LAAL",1893,3.87681836954703,4.06001433927855,3.71407263779649
"4","LAAL",1894,3.87855656383127,4.04226169798985,3.73310431176278
"5","LAAL",1895,3.88436580064508,4.03864175100234,3.74466574340323
"6","LAAL",1896,3.88869933347651,4.04248631557493,3.74795207431939
"7","LAAL",1897,3.89516115265399,4.0451735284688,3.74896004972132
"8","LAAL",1898,3.89650620616966,4.05485581470077,3.73974689976913
"9","LAAL",1899,3.89901026588954,4.06366591982452,3.73856310473678
"10","LAAL",1900,3.90286604806252,4.07634722838503,3.7318593010283
"11","LAAL",1901,3.90460912155863,4.08747703808941,3.72429939552536
"12","LAAL",1902,3.90491255655224,4.09631327673951,3.71753462612175
"13","LAAL",1903,3.90100567172537,4.11009853775893,3.70931195059389
"14","LAAL",1904,3.89307196554035,4.1204296852437,3.70081531515461
"15","LAAL",1905,3.88287241032971,4.13074052232893,3.69621000992516
"16","LAAL",1906,3.87223374330936,4.14102142638744,3.68584857413678
"17","LAAL",1907,3.86592734579673,4.15437606329165,3.67369416547977
"18","LAAL",1908,3.85903501952883,4.16705038121247,3.66261716290777
"19","LAAL",1909,3.85394419151174,4.17814396068706,3.65306750932658
"20","LAAL",1910,3.84997133231123,4.19179635200506,3.64106696020235
"21","LAAL",1911,3.84826212433878,4.20395501626358,3.62778750420785
"22","LAAL",1912,3.84588122461151,4.21839522274462,3.61638066753715
"23","LAAL",1913,3.84265903563855,4.23049815007325,3.60284116322847
"24","LAAL",1914,3.83952474597375,4.24639005854755,3.59178308454847
"25","LAAL",1915,3.8364809062686,4.25755639613832,3.58445593514643
"26","LAAL",1916,3.83359366318236,4.26790515549493,3.57321060993426
"27","LAAL",1917,3.83057310718333,4.27789884223648,3.56013122789213
"28","LAAL",1918,3.82880211988846,4.28916961417601,3.54751584109255
"29","LAAL",1919,3.82737953454691,4.30115066056286,3.54075558890317
"30","LAAL",1920,3.82674576549662,4.3105912213884,3.53010649751283
"31","LAAL",1921,3.82620074331896,4.31900438167945,3.51879221548528
"32","LAAL",1922,3.82529146876113,4.32592977005728,3.50781626824278
"33","LAAL",1923,3.82465669529864,4.33528600415845,3.50136269725177
"34","LAAL",1924,3.82375468396954,4.34305372469495,3.49359387800678
"35","LAAL",1925,3.82152679632771,4.3506391361823,3.48717375095376
"36","LAAL",1926,3.82064148250793,4.35819895400566,3.48036806872761
"37","LAAL",1927,3.81782749691456,4.36539005154955,3.47178087725295
"38","LAAL",1928,3.81671566439441,4.37231219375375,3.46540848898725
"39","LAAL",1929,3.81767025377503,4.37565895358248,3.46076809132139
"40","LAAL",1930,3.81869761714824,4.37894164365246,3.45870421973236
"41","LAAL",1931,3.82050425689964,4.38087802732415,3.45384298829692
"42","LAAL",1932,3.82258900671648,4.38268991512358,3.44968040163373
"43","LAAL",1933,3.82563171529605,4.38472599355403,3.44626176413334
"44","LAAL",1934,3.82769830127976,4.38674051026092,3.44355735226944
"45","LAAL",1935,3.82821860091059,4.38924539332005,3.44130837497762
"46","LAAL",1936,3.83037433990802,4.39029670483952,3.43576902964194
"47","LAAL",1937,3.83233326317857,4.38884002662288,3.43399036980167
"48","LAAL",1938,3.83827988756705,4.38741791657129,3.43283369385006
"49","LAAL",1939,3.84279979773483,4.38711847665197,3.43341255968257
"50","LAAL",1940,3.84631148656657,4.38221038438955,3.42869004787074
"51","LAAL",1941,3.84773077377156,4.37927172766599,3.4272715152899
"52","LAAL",1942,3.84920150766276,4.37751324891461,3.42713799352752
"53","LAAL",1943,3.85287675237088,4.37375799513405,3.4215781999923
"54","LAAL",1944,3.85873589588414,4.37164285970098,3.41839297672964
"55","LAAL",1945,3.86421821433038,4.36951026002676,3.41569741691661
"56","LAAL",1946,3.86812573167952,4.36847681957463,3.410725869393
"57","LAAL",1947,3.87218926564123,4.36642615756203,3.40571111547702
"58","LAAL",1948,3.88007826756968,4.36581128245031,3.4096537340984
"59","LAAL",1949,3.88672958195231,4.36245417870334,3.40654423064935
"60","LAAL",1950,3.88854230187646,4.35746390244656,3.40881282912631
"61","LAAL",1951,3.88958625643293,4.35450030601469,3.41223279060633
"62","LAAL",1952,3.89301925085126,4.35023942531306,3.41157329575919
"63","LAAL",1953,3.8838540456782,4.34525359821993,3.41048384813505
"64","LAAL",1954,3.88538042031092,4.34047639491881,3.41142610785168
"65","LAAL",1955,3.89025287810254,4.3356659713998,3.40482807991466
"66","LAAL",1956,3.88826271374788,4.33091808338547,3.40048721382553
"67","LAAL",1957,3.88371148828723,4.32631400135637,3.39768187837266
"68","LAAL",1958,3.87996211173837,4.32145371028382,3.39193507647635
"69","LAAL",1959,3.88061992570962,4.31616152666725,3.39183198839241
"70","LAAL",1960,3.8798785313184,4.30986242119462,3.3915687498872
"71","LAAL",1961,3.88181692615112,4.30334137182748,3.39008946991482
"72","LAAL",1962,3.88435734905497,4.29659221436254,3.38538273260602
"73","LAAL",1963,3.88426318090475,4.28981647650968,3.38300429789979
"74","LAAL",1964,3.88581246400498,4.28250029258521,3.38258281425344
"75","LAAL",1965,3.88033153544733,4.27519187366804,3.38274554561671
"76","LAAL",1966,3.87888217144197,4.26770726837112,3.38340921677061
"77","LAAL",1967,3.87850395415834,4.26194934212475,3.38445283473564
"78","LAAL",1968,3.88011558430535,4.25415893089116,3.38573761384672
"79","LAAL",1969,3.88516587544787,4.24608062991476,3.38755194914211
"80","LAAL",1970,3.88611130409951,4.2387247855367,3.38455567299553
"81","LAAL",1971,3.88799163116102,4.23220945826747,3.37821103166462
"82","LAAL",1972,3.88900568639215,4.22587179672867,3.37438063292673
"83","LAAL",1973,3.88552848216436,4.22018936985117,3.37628510892716
"84","LAAL",1974,3.88805537059125,4.21231908993764,3.37538379451012
"85","LAAL",1975,3.88592162263478,4.20567120061821,3.37760509421126
"86","LAAL",1976,3.88025668162355,4.19685767092591,3.37609498372439
"87","LAAL",1977,3.87731672722184,4.19240963721578,3.3778989765313
"88","LAAL",1978,3.87789301334841,4.18573024597254,3.38088766954357
"89","LAAL",1979,3.87862739708574,4.17959128257689,3.38670120670709
"90","LAAL",1980,3.87732633512401,4.17332818614271,3.39237150976666
"91","LAAL",1981,3.87624008219848,4.16736617619282,3.39597699145424
"92","LAAL",1982,3.87498860209956,4.16147554256486,3.40320547406819
"93","LAAL",1983,3.8743122271319,4.16030063563704,3.41049070573688
"94","LAAL",1984,3.87601936174657,4.15555270405089,3.41603605592633
"95","LAAL",1985,3.87560249168205,4.14970987166488,3.42249435631745
"96","LAAL",1986,3.87667248131172,4.14393056240727,3.42989243199184
"97","LAAL",1987,3.8758664027097,4.13655056088284,3.44193362149696
"98","LAAL",1988,3.87484528084693,4.12939019824872,3.4553262431242
"99","LAAL",1989,3.87512326755069,4.12655632318116,3.46439532588243
"100","LAAL",1990,3.87548302929116,4.11689476449579,3.47096102815519
"101","LAAL",1991,3.87386635788682,4.10792158998206,3.48223247851987
"102","LAAL",1992,3.87226025188086,4.10381713110579,3.4952887471138
"103","LAAL",1993,3.8731943472328,4.09357178140611,3.51074186213458
"104","LAAL",1994,3.87248950012637,4.08680485582201,3.52603382432867
"105","LAAL",1995,3.86934859732536,4.07954098243779,3.53653952436632
"106","LAAL",1996,3.86943445489487,4.0709815591129,3.54628745966125
"107","LAAL",1997,3.86682568415472,4.06356611829369,3.55588502070363
"108","LAAL",1998,3.86289410254173,4.05640444435991,3.56622680681562
"109","LAAL",1999,3.86257975122399,4.04912969541649,3.58211524625655
"110","LAAL",2000,3.86131607265794,4.04260210651565,3.59197862721757
"111","LAAL",2001,3.85969772917684,4.03444050057294,3.60719587203947
"112","LAAL",2002,3.85876202197906,4.03092823880096,3.61623178916303
"113","LAAL",2003,3.85661573750126,4.02523769499278,3.63625380312387
"114","LAAL",2004,3.85660199598869,4.01532241101716,3.65077991196205
"115","LAAL",2005,3.85544803383452,4.01413190274827,3.66400371817765
"116","LAAL",2006,3.85403218246152,4.01697727342958,3.67447578837222
"117","LAAL",2007,3.85050521973955,4.01525301850349,3.68262598853622
"118","LAAL",2008,3.8475300611744,4.01629181635572,3.68995682551034
"119","LAAL",2009,3.84773771154925,4.02392159268531,3.69924731002919
"120","LAAL",2010,3.84572219928626,4.0294510609654,3.70586442317968
"121","LAAL",2011,3.84662226492273,4.02653900110504,3.71268747624737
"122","LAAL",2012,3.84514765934844,4.04314924695737,3.71161978196501
"123","LAAL",2013,3.84352102397499,4.049428722793,3.70939862892079
"124","LAAL",2014,3.84739087415929,4.05938305998021,3.70745455410133
"125","LAAL",2015,3.84820832316605,4.0767945385476,3.69398266587985
"126","BUPE",1891,4.13752983972923,4.40811463681809,3.84115136358224
"127","BUPE",1892,4.13904548230554,4.4016211904592,3.85027583065325
"128","BUPE",1893,4.1402411841478,4.39480651852604,3.86231528419481
"129","BUPE",1894,4.14118570519271,4.38841032355936,3.87178435741917
"130","BUPE",1895,4.14276653103656,4.38244043246031,3.88275199367432
"131","BUPE",1896,4.14446449084652,4.3770074173759,3.89256890434682
"132","BUPE",1897,4.14584177214004,4.37180400345445,3.9004464609915
"133","BUPE",1898,4.14895061270089,4.36523553324581,3.91063949860919
"134","BUPE",1899,4.1508024368636,4.35849918080613,3.92137616513174
"135","BUPE",1900,4.15199440511212,4.3543268524752,3.9285516071786
"136","BUPE",1901,4.15404815154517,4.35067879582025,3.93970067400737
"137","BUPE",1902,4.15506152630416,4.34818994376782,3.95053398672103
"138","BUPE",1903,4.15877426788009,4.34304032057001,3.95480956676047
"139","BUPE",1904,4.15969489970406,4.33933915112133,3.96103285503342
"140","BUPE",1905,4.1621690387726,4.33286629537957,3.96835184881343
"141","BUPE",1906,4.16388344275863,4.32750949363898,3.97640477811707
"142","BUPE",1907,4.16505963469435,4.32446987879678,3.98441460995261
"143","BUPE",1908,4.16609022589484,4.32210989842813,3.99236708816447
"144","BUPE",1909,4.16745183553498,4.3211781669587,3.99995188752241
"145","BUPE",1910,4.16902903761029,4.32174095911988,4.00633816345059
"146","BUPE",1911,4.17081622953971,4.31811924225675,4.01583743646919
"147","BUPE",1912,4.17294420366702,4.31447382530521,4.02239682908356
"148","BUPE",1913,4.17662131995254,4.31456575023532,4.03070732833275
"149","BUPE",1914,4.17867504557822,4.31307402097452,4.0379891740678
"150","BUPE",1915,4.18105914778811,4.3101649039948,4.04706742668015
"151","BUPE",1916,4.18422361273545,4.31290650155119,4.05429314651847
"152","BUPE",1917,4.18625291667992,4.31254493402396,4.05904765217267
"153","BUPE",1918,4.190454335624,4.31113198513409,4.06563220760764
"154","BUPE",1919,4.19243131551939,4.31260550314704,4.07199600685519
"155","BUPE",1920,4.19519399655671,4.31326040246613,4.08096491787689
"156","BUPE",1921,4.1980334266371,4.31607208250349,4.08792282671914
"157","BUPE",1922,4.19998668301433,4.31726689914437,4.08858336367784
"158","BUPE",1923,4.20277382865904,4.31589083420599,4.09396708165017
"159","BUPE",1924,4.20515938395647,4.31794983317551,4.0976581547266
"160","BUPE",1925,4.20645434424589,4.32295541715549,4.1011437850859
"161","BUPE",1926,4.20900835244405,4.32363293298023,4.10575352553855
"162","BUPE",1927,4.21109334501806,4.3278350897655,4.10923896841481
"163","BUPE",1928,4.21335150899595,4.32880858652199,4.11160126389139
"164","BUPE",1929,4.21598856770775,4.32915716536287,4.11397594611719
"165","BUPE",1930,4.21736213649755,4.33326614633889,4.11740640467898
"166","BUPE",1931,4.21858687223525,4.33594179480029,4.11911892372904
"167","BUPE",1932,4.22060982834503,4.33944123896692,4.12087238645595
"168","BUPE",1933,4.22232202425004,4.33861647479506,4.12349844033356
"169","BUPE",1934,4.22475237812436,4.33833036602572,4.12615020299822
"170","BUPE",1935,4.22695192747215,4.33873203065031,4.1291801825979
"171","BUPE",1936,4.22986487260089,4.34240690656127,4.13296252623336
"172","BUPE",1937,4.23155967159458,4.34510179815789,4.13396838635847
"173","BUPE",1938,4.23279183425676,4.34827251264661,4.13363040658173
"174","BUPE",1939,4.23558340503168,4.35414902646271,4.13838458993224
"175","BUPE",1940,4.2369648904421,4.35736870145421,4.14151308081
"176","BUPE",1941,4.2402365106878,4.36276003599509,4.14434342767024
"177","BUPE",1942,4.24413549542611,4.36963614480306,4.1468359487791
"178","BUPE",1943,4.2485780093712,4.37509834348575,4.1480155827987
"179","BUPE",1944,4.25302084766607,4.3816532738484,4.15039756750055
"180","BUPE",1945,4.25672567583075,4.38541241652392,4.14940167300677
"181","BUPE",1946,4.26092118144381,4.39432606682311,4.14815744916107
"182","BUPE",1947,4.26616473892678,4.40013876561319,4.14747093428791
"183","BUPE",1948,4.2708804529776,4.40658000422678,4.1506231014933
"184","BUPE",1949,4.27437716536189,4.41624953300656,4.15238302546797
"185","BUPE",1950,4.27768101440589,4.42802150778357,4.15585347109936
"186","BUPE",1951,4.28094674586451,4.43684114721503,4.15684191512181
"187","BUPE",1952,4.28312683315015,4.44079115587814,4.15249296457964
"188","BUPE",1953,4.28526733195944,4.44656691844202,4.15215332029592
"189","BUPE",1954,4.28660418723422,4.44877097482489,4.14960999133524
"190","BUPE",1955,4.28702977105069,4.4504866970167,4.14905063604888
"191","BUPE",1956,4.28729006683654,4.45121108965711,4.1465003379077
"192","BUPE",1957,4.28660180990551,4.45173226234586,4.1468623136268
"193","BUPE",1958,4.28602207090587,4.45113167624208,4.14547273674813
"194","BUPE",1959,4.2860336406568,4.4490387625492,4.14473431892002
"195","BUPE",1960,4.28479594965388,4.44757482578599,4.14330367371635
"196","BUPE",1961,4.28345533045932,4.44474644631536,4.14055663249694
"197","BUPE",1962,4.28185334779467,4.44096096645147,4.1378213337512
"198","BUPE",1963,4.28048994408546,4.43654064992929,4.13616847223566
"199","BUPE",1964,4.27811214322222,4.43144842054364,4.13557974126364
"200","BUPE",1965,4.27642482367052,4.42598138528245,4.13710359748365
"201","BUPE",1966,4.27346536821156,4.42059834885575,4.13748011772672
"202","BUPE",1967,4.27010614146982,4.41470700845178,4.13655775765981
"203","BUPE",1968,4.26659487342669,4.40981774632185,4.13398498355648
"204","BUPE",1969,4.2638130866288,4.40613019181083,4.13422003318191
"205","BUPE",1970,4.26014605266451,4.40001050194186,4.13179797485283
"206","BUPE",1971,4.25568220982464,4.39254489730475,4.12872176315109
"207","BUPE",1972,4.25079620313813,4.38649457195694,4.12681253905498
"208","BUPE",1973,4.24573030162046,4.38109299956735,4.12241417904506
"209","BUPE",1974,4.24078218494279,4.37545413323078,4.11745716696744
"210","BUPE",1975,4.23576216833184,4.36798978339145,4.11397701833053
"211","BUPE",1976,4.23002304482476,4.35886539967149,4.11104271129361
"212","BUPE",1977,4.22449618863657,4.35171629737707,4.10815369985899
"213","BUPE",1978,4.21770607487217,4.34371444761692,4.10376625878027
"214","BUPE",1979,4.21145178027034,4.3344227780719,4.09937261755971
"215","BUPE",1980,4.20423440212409,4.32589973534248,4.09380359289254
"216","BUPE",1981,4.19689503586514,4.31674660748652,4.08911855749521
"217","BUPE",1982,4.18942477119297,4.30719238130717,4.08351539346417
"218","BUPE",1983,4.18248758068777,4.29663399551403,4.07987734176857
"219","BUPE",1984,4.17494288546812,4.28604471157905,4.07399000754362
"220","BUPE",1985,4.16590793881852,4.27400126253651,4.06686673407216
"221","BUPE",1986,4.1569018136483,4.26442213867544,4.06021463438521
"222","BUPE",1987,4.14754327856577,4.25412664218862,4.05256252346534
"223","BUPE",1988,4.13816948723385,4.24382673705154,4.04611595798753
"224","BUPE",1989,4.12978142085803,4.23283658229943,4.03804867559077
"225","BUPE",1990,4.12085046732165,4.22145200790333,4.02816930606035
"226","BUPE",1991,4.11100885847054,4.21271236980447,4.01887459163417
"227","BUPE",1992,4.10030922223167,4.20136697370701,4.00445257942986
"228","BUPE",1993,4.08933845067452,4.19239521157145,3.99155763034821
"229","BUPE",1994,4.0798222573011,4.18443758328567,3.97869104932053
"230","BUPE",1995,4.06854120040797,4.17453472635946,3.96463304096606
"231","BUPE",1996,4.0565519962426,4.16443332273457,3.94851806316725
"232","BUPE",1997,4.04502820180748,4.15409888084284,3.9289499844679
"233","BUPE",1998,4.0324257247966,4.1431599949216,3.91028636546271
"234","BUPE",1999,4.0192256616916,4.13292379748817,3.89277040177716
"235","BUPE",2000,4.00643359835992,4.12405323248426,3.87409213792527
"236","BUPE",2001,3.99292322765367,4.11611672315236,3.85221173461415
"237","BUPE",2002,3.97885821560091,4.10900592393896,3.83053935611024
"238","BUPE",2003,3.96547534471323,4.10379699094938,3.80749028564824
"239","BUPE",2004,3.95208107970941,4.09615368387968,3.78457186350598
"240","BUPE",2005,3.93828134622928,4.08799049442607,3.75828852561848
"241","BUPE",2006,3.9236894618541,4.08310416209905,3.73174998853805
"242","BUPE",2007,3.90953862594438,4.07711360849385,3.7047108466266
"243","BUPE",2008,3.89403098124962,4.07153989461194,3.67823538627517
"244","BUPE",2009,3.87858677156173,4.06668462286148,3.64903058306191
"245","BUPE",2010,3.86512848729573,4.06158629415066,3.62016171461731
"246","BUPE",2011,3.84898434497066,4.0578182292456,3.59252319145989
"247","BUPE",2012,3.83288146158282,4.04938507280727,3.56091205983751
"248","BUPE",2013,3.8144398928169,4.04319898995485,3.53070106289917
"249","BUPE",2014,3.79733934923098,4.03982863488935,3.49989360256008
"250","WTSH",1891,4.07104989957222,4.12644459207086,4.01036663578943
"251","WTSH",1892,4.06177224459689,4.1121545743423,4.00755048284023
"252","WTSH",1893,4.05258914247659,4.09833482233991,4.00456238306961
"253","WTSH",1894,4.04361945764853,4.08521589748602,3.9987654394817
"254","WTSH",1895,4.0344320395612,4.07503953709005,3.99312221955812
"255","WTSH",1896,4.02653075163025,4.06481319741976,3.98543008356939
"256","WTSH",1897,4.01867700209642,4.05743855362558,3.97814322776026
"257","WTSH",1898,4.01079304833194,4.05219982377785,3.96998870509419
"258","WTSH",1899,4.00323583957227,4.04538753750941,3.962426394452
"259","WTSH",1900,3.99589065832864,4.04179343173211,3.95271610577976
"260","WTSH",1901,3.98855673435764,4.03952406533136,3.9431894616592
"261","WTSH",1902,3.98099867639985,4.03561655473873,3.93253935943356
"262","WTSH",1903,3.973682290454,4.03490473838877,3.92118468198401
"263","WTSH",1904,3.96599910284143,4.03269015080674,3.91117275176411
"264","WTSH",1905,3.95917871420759,4.03152506228368,3.90202020206807
"265","WTSH",1906,3.95287274242128,4.0289119904407,3.89211153181182
"266","WTSH",1907,3.94641253210584,4.02945056913674,3.88334742392545
"267","WTSH",1908,3.93941135531421,4.02844145548441,3.87368438813438
"268","WTSH",1909,3.9329619158295,4.02751153683362,3.86407592540181
"269","WTSH",1910,3.92667583507908,4.02569226557391,3.85486132549341
"270","WTSH",1911,3.92099133523924,4.02373362865393,3.84594013408612
"271","WTSH",1912,3.91520445452741,4.02222109878623,3.8380558656259
"272","WTSH",1913,3.90948826861252,4.02179251330856,3.83021257988971
"273","WTSH",1914,3.90328437637356,4.02171701136084,3.82127001387818
"274","WTSH",1915,3.89753546037889,4.01999730498989,3.81279846523553
"275","WTSH",1916,3.89152750129481,4.01857542440805,3.80505455352127
"276","WTSH",1917,3.88555698204019,4.01813728357822,3.79784997123964
"277","WTSH",1918,3.88018799021645,4.01733472342097,3.79112205890917
"278","WTSH",1919,3.87539442516658,4.01534212171755,3.78483701793173
"279","WTSH",1920,3.87060490158578,4.01333897061529,3.77896425637232
"280","WTSH",1921,3.86620057412295,4.01189384006264,3.77349186643245
"281","WTSH",1922,3.86197016950382,4.01044397310479,3.76853797851151
"282","WTSH",1923,3.85792812586785,4.00891694095194,3.763933301151
"283","WTSH",1924,3.85362998640024,4.00647765091947,3.75974804649597
"284","WTSH",1925,3.84963748249783,4.00366706000299,3.7555995016185
"285","WTSH",1926,3.84556910287138,4.00218567779519,3.7516947630173
"286","WTSH",1927,3.84112731518419,4.00070950784006,3.7473894630933
"287","WTSH",1928,3.837548863777,3.99923308975473,3.74291843960975
"288","WTSH",1929,3.8345462522916,3.9977373300453,3.73937426509239
"289","WTSH",1930,3.8317545609149,3.99543504833558,3.73616003456831
"290","WTSH",1931,3.82901934394704,3.99277417787791,3.73325495880217
"291","WTSH",1932,3.82568840000076,3.99001255715917,3.72927730077682
"292","WTSH",1933,3.82323498702865,3.98715744773966,3.72744026062999
"293","WTSH",1934,3.82102069386654,3.98422880107007,3.72608206701953
"294","WTSH",1935,3.81854123696205,3.98123242922387,3.72474716526407
"295","WTSH",1936,3.81621644916823,3.97820377468155,3.72327367391423
"296","WTSH",1937,3.81386841267952,3.97511365559695,3.72221027768843
"297","WTSH",1938,3.81149185281598,3.97196537312117,3.71955746013752
"298","WTSH",1939,3.8092355743253,3.96873620207578,3.71829821483538
"299","WTSH",1940,3.80799208919372,3.96544338079682,3.71721979986282
"300","WTSH",1941,3.80730652740112,3.96210083121233,3.71465376616151
"301","WTSH",1942,3.80619370033841,3.95876691471836,3.7133819092374
"302","WTSH",1943,3.80468194452347,3.95532727973254,3.71257654870031
"303","WTSH",1944,3.80275225261374,3.95188043704928,3.71179804669026
"304","WTSH",1945,3.80171320773881,3.94889764186237,3.71021947356191
"305","WTSH",1946,3.80043948438729,3.94612411843683,3.70976630630084
"306","WTSH",1947,3.79937398922864,3.94482840186281,3.70742492207337
"307","WTSH",1948,3.79846765175792,3.94131298694026,3.70645925765914
"308","WTSH",1949,3.79825325221026,3.93764427078783,3.70529139931179
"309","WTSH",1950,3.7983509699929,3.93361721738279,3.7062299345591
"310","WTSH",1951,3.79909703065411,3.93050522680221,3.70623212772941
"311","WTSH",1952,3.8007548800961,3.92597668812715,3.70800162060991
"312","WTSH",1953,3.80148567294415,3.92576069134294,3.71161640406841
"313","WTSH",1954,3.80269276428609,3.92540575591569,3.71584025622459
"314","WTSH",1955,3.80449279982795,3.91952136184356,3.71714162447683
"315","WTSH",1956,3.805893544015,3.91904413327727,3.719187299487
"316","WTSH",1957,3.80697035928116,3.91893530559461,3.72052078802844
"317","WTSH",1958,3.80820599581313,3.91614507659908,3.7221998946199
"318","WTSH",1959,3.80995423157454,3.9158899406009,3.72431342390266
"319","WTSH",1960,3.81024453042775,3.91492845780565,3.72379381799524
"320","WTSH",1961,3.81127312589166,3.91503165418643,3.72351436600529
"321","WTSH",1962,3.8121140028972,3.91314132764657,3.72354355122725
"322","WTSH",1963,3.81217358683785,3.91122044068022,3.72234939202677
"323","WTSH",1964,3.81200497521464,3.91007013019504,3.72159363361478
"324","WTSH",1965,3.81105876062144,3.90874849358562,3.72166206782215
"325","WTSH",1966,3.81124407669026,3.9085051578621,3.72249296040182
"326","WTSH",1967,3.81194572962458,3.90873018004995,3.72372396905588
"327","WTSH",1968,3.81186601520923,3.90852479291246,3.72250909240205
"328","WTSH",1969,3.8121836868165,3.9075901360963,3.72273473438143
"329","WTSH",1970,3.8117452158756,3.90541307947785,3.7211855928262
"330","WTSH",1971,3.81054866501678,3.90336218635412,3.72034553291886
"331","WTSH",1972,3.80977946156978,3.90117775300222,3.71884661299916
"332","WTSH",1973,3.80872678234417,3.89828933634699,3.71961273717368
"333","WTSH",1974,3.8068858212688,3.89636612952681,3.7175620300305
"334","WTSH",1975,3.80523925748576,3.8942896745654,3.7156104743542
"335","WTSH",1976,3.80383955127769,3.89271024352023,3.71371251034169
"336","WTSH",1977,3.8022880695668,3.89136641462434,3.71239323870193
"337","WTSH",1978,3.80095538443459,3.89091710677949,3.71200073030944
"338","WTSH",1979,3.79912004439612,3.8903778156889,3.70887502824692
"339","WTSH",1980,3.79686011665823,3.8887010606418,3.7058547435915
"340","WTSH",1981,3.79484889471259,3.88608194071553,3.70543308045123
"341","WTSH",1982,3.79261563511676,3.88433609046374,3.70336501115289
"342","WTSH",1983,3.79088380257317,3.88312731241281,3.70123773296081
"343","WTSH",1984,3.78876735738917,3.88209387400501,3.69768186308755
"344","WTSH",1985,3.78714780423883,3.87925313526134,3.69356294391033
"345","WTSH",1986,3.7844706668172,3.87777242884963,3.68927131399492
"346","WTSH",1987,3.78186723049211,3.87572026461115,3.68571028393289
"347","WTSH",1988,3.77871688371561,3.87434990054997,3.68153296907069
"348","WTSH",1989,3.77604223278244,3.87165001994617,3.67743996119939
"349","WTSH",1990,3.77353571035876,3.87008973216154,3.67316239533146
"350","WTSH",1991,3.77091058545367,3.86768111764962,3.66865380861258
"351","WTSH",1992,3.76804961026716,3.86548226599411,3.66261197589452
"352","WTSH",1993,3.7653786063019,3.86210918312172,3.65605816541652
"353","WTSH",1994,3.76234953195872,3.8607499314808,3.65068710201676
"354","WTSH",1995,3.75906543045459,3.85868645573538,3.64168723318493
"355","WTSH",1996,3.75560536259465,3.85741624188957,3.6383011222154
"356","WTSH",1997,3.75269478803185,3.8552908380651,3.63380314025556
"357","WTSH",1998,3.74917169338795,3.85201365304203,3.62522524762134
"358","WTSH",1999,3.74645244933945,3.84914587394625,3.61562918407563
"359","WTSH",2000,3.74271533819549,3.84764625685723,3.60657253173354
"360","WTSH",2001,3.73940959587457,3.84675563880993,3.5965157485239
"361","WTSH",2002,3.7359819320768,3.8448640601745,3.58793206953537
"362","WTSH",2003,3.73348222431095,3.84386609937366,3.57658720250804
"363","WTSH",2004,3.73081552123443,3.84304805007844,3.56457444294364
"364","WTSH",2005,3.72756718150526,3.84066581913054,3.55527434946681
"365","WTSH",2006,3.72418378396108,3.84036329897175,3.54625455603878
"366","WTSH",2007,3.72006747039546,3.83969641012834,3.53398502174879
"367","WTSH",2008,3.71677996028687,3.83972180725462,3.51963249205926
"368","WTSH",2009,3.71214272715979,3.83672817109677,3.50837769566164
"369","WTSH",2010,3.70820937355388,3.83546578282812,3.49456202599545
"370","WTSH",2011,3.70515554127095,3.83386751412433,3.48262984609729
"371","WTSH",2012,3.70095376622632,3.83382100331023,3.4695881621539
"372","WTSH",2013,3.69699115451058,3.83536134745013,3.45217936015752
"373","WTSH",2014,3.69334284268485,3.83582365998043,3.43603194265816
"374","WTTR",1891,4.05612051018203,4.32097567049861,3.83245131519834
"375","WTTR",1892,4.05954596911559,4.3154546570037,3.84440839202539
"376","WTTR",1893,4.0618197109234,4.31105253836018,3.85704678638271
"377","WTTR",1894,4.0652218851441,4.3048909027346,3.86489276737141
"378","WTTR",1895,4.06847154523654,4.29607583578905,3.87445373019549
"379","WTTR",1896,4.07172089648655,4.29185456049039,3.88354953821082
"380","WTTR",1897,4.07497720882213,4.28187081622101,3.892288065751
"381","WTTR",1898,4.07708253195559,4.27606684177553,3.90032742213157
"382","WTTR",1899,4.07867039815868,4.26961716096379,3.91230434739454
"383","WTTR",1900,4.08027559584711,4.26326666323192,3.92217223106747
"384","WTTR",1901,4.08267920695795,4.26133806778739,3.93044343339033
"385","WTTR",1902,4.08377719552055,4.26084164246079,3.93436412038656
"386","WTTR",1903,4.08645984637267,4.26070624614019,3.93719104313664
"387","WTTR",1904,4.08830057198769,4.25668715377976,3.94397541258807
"388","WTTR",1905,4.09091763567473,4.25238557366725,3.95157771275558
"389","WTTR",1906,4.09353028890969,4.2488764605628,3.9527284001851
"390","WTTR",1907,4.09501253798093,4.24513978761938,3.95580375031422
"391","WTTR",1908,4.09693582830296,4.24318784824762,3.96033474820774
"392","WTTR",1909,4.0974933691283,4.23948192134075,3.95913914433325
"393","WTTR",1910,4.09765323347999,4.23953521607258,3.96219076540919
"394","WTTR",1911,4.09838042267113,4.2375429085289,3.96254984496481
"395","WTTR",1912,4.09900613558459,4.23635550918648,3.96337059268502
"396","WTTR",1913,4.09998556970246,4.23510525275599,3.96310219000891
"397","WTTR",1914,4.10072498772096,4.23592464313121,3.9627854874056
"398","WTTR",1915,4.10108006286227,4.23582340464482,3.96088763782259
"399","WTTR",1916,4.09991904279809,4.23349417112153,3.9598503051958
"400","WTTR",1917,4.09959854764239,4.23480877079599,3.95853122207698
"401","WTTR",1918,4.09867640059885,4.2372913072263,3.9555663533174
"402","WTTR",1919,4.09806489431598,4.23630844006107,3.95587646696921
"403","WTTR",1920,4.09739139933904,4.23934073393403,3.95416765951403
"404","WTTR",1921,4.09663155724049,4.24331921709527,3.95136877326692
"405","WTTR",1922,4.09554231746914,4.24489361206952,3.9476106715997
"406","WTTR",1923,4.09336930809082,4.24647602379499,3.94579652977399
"407","WTTR",1924,4.0930684624403,4.25124955149058,3.94279207456815
"408","WTTR",1925,4.09305242829689,4.25573199898374,3.93822952488888
"409","WTTR",1926,4.09289713875384,4.25683729535054,3.93532265425485
"410","WTTR",1927,4.09136405322853,4.2558582543394,3.93310078912585
"411","WTTR",1928,4.08972609789587,4.25589476530559,3.93056917379757
"412","WTTR",1929,4.08713917403469,4.25465910591072,3.92679700592996
"413","WTTR",1930,4.08483087410041,4.25303550248055,3.92332365939788
"414","WTTR",1931,4.08210823963184,4.25243288815837,3.9194107152936
"415","WTTR",1932,4.07968547222099,4.25152625796407,3.91502186660357
"416","WTTR",1933,4.07629624544327,4.25138156850139,3.90999673945249
"417","WTTR",1934,4.07410826738833,4.25056436415983,3.90467830795443
"418","WTTR",1935,4.07116580224161,4.2495545511281,3.90154188728277
"419","WTTR",1936,4.06829668624327,4.24767390182242,3.89763869777868
"420","WTTR",1937,4.06560136677994,4.24427904280679,3.89291825441845
"421","WTTR",1938,4.06289183063886,4.241246050654,3.88889064594634
"422","WTTR",1939,4.05954623549095,4.23991375367017,3.88622868419908
"423","WTTR",1940,4.05686276063131,4.23741669750175,3.88198080614469
"424","WTTR",1941,4.05333310318828,4.23348291928846,3.87699249615578
"425","WTTR",1942,4.04983903297318,4.22964103665802,3.87326705525895
"426","WTTR",1943,4.04544023049762,4.2252490231719,3.87273631415325
"427","WTTR",1944,4.04048318857071,4.22050432445556,3.86763464101921
"428","WTTR",1945,4.03483617097443,4.21504315612315,3.86303571140526
"429","WTTR",1946,4.02927986751721,4.20718353410817,3.85907565098552
"430","WTTR",1947,4.02312446061887,4.20027366337113,3.85503774275736
"431","WTTR",1948,4.01701992903136,4.19285369649955,3.85273156379284
"432","WTTR",1949,4.01046956458833,4.18200056528985,3.84863773957669
"433","WTTR",1950,4.00365313934422,4.17166747259245,3.84409278812838
"434","WTTR",1951,3.99671690966929,4.16471594923734,3.83926338367251
"435","WTTR",1952,3.9896573685552,4.15646632091218,3.83553824410521
"436","WTTR",1953,3.98206980446234,4.14869416712518,3.83113437822043
"437","WTTR",1954,3.97446885439834,4.13774366615224,3.82521335561186
"438","WTTR",1955,3.96701640543966,4.12758756520391,3.81973918035866
"439","WTTR",1956,3.95983400289013,4.11906339261717,3.81539245475225
"440","WTTR",1957,3.95204528619516,4.10971102439307,3.80958888483982
"441","WTTR",1958,3.94585721808187,4.09694158561616,3.80614304589176
"442","WTTR",1959,3.93866481328928,4.08648488128876,3.79955221787995
"443","WTTR",1960,3.93156099085615,4.07605390928433,3.79465017593791
"444","WTTR",1961,3.92468747085318,4.06854804507792,3.79013453413807
"445","WTTR",1962,3.91795713248369,4.06105630245056,3.78559474668977
"446","WTTR",1963,3.91063432366494,4.052791110813,3.77924364670595
"447","WTTR",1964,3.90396438265816,4.04931163805658,3.77368545049339
"448","WTTR",1965,3.89796919119604,4.04148913618819,3.76587061224632
"449","WTTR",1966,3.89091617981771,4.03189048464287,3.7633903315559
"450","WTTR",1967,3.88561647481714,4.02165813429306,3.75453166402771
"451","WTTR",1968,3.88021093895215,4.01206442060121,3.75158041085953
"452","WTTR",1969,3.87473013672738,4.0062862572664,3.7478786605343
"453","WTTR",1970,3.86946822743562,4.00358062429067,3.74443189523192
"454","WTTR",1971,3.86513640915527,3.999526251608,3.74104722806417
"455","WTTR",1972,3.86084480136762,3.99435731650886,3.73870532153738
"456","WTTR",1973,3.85696617181457,3.98869248789915,3.73749395439257
"457","WTTR",1974,3.85398850123443,3.98521316766518,3.73673867870051
"458","WTTR",1975,3.85145211350498,3.98456584538462,3.7367195084402
"459","WTTR",1976,3.84966012672403,3.98029793956941,3.73580030842424
"460","WTTR",1977,3.84834204146084,3.97694633264797,3.7385781694523
"461","WTTR",1978,3.84785346729693,3.97363967982567,3.73858287952434
"462","WTTR",1979,3.84788311742381,3.97086980137312,3.73764886938991
"463","WTTR",1980,3.84823244768403,3.96823398389619,3.74153411893669
"464","WTTR",1981,3.84973961582935,3.96884935858677,3.74637937638257
"465","WTTR",1982,3.85174372107345,3.96954371030353,3.7498172539386
"466","WTTR",1983,3.85501534717949,3.96834671137595,3.75429573249818
"467","WTTR",1984,3.85784811395307,3.96646136373129,3.75950948637367
"468","WTTR",1985,3.86106256895975,3.96524458871555,3.76517209920081
"469","WTTR",1986,3.86506354169118,3.96395445543249,3.77215189309283
"470","WTTR",1987,3.86953796232026,3.9656806606687,3.78130693987993
"471","WTTR",1988,3.87379943851811,3.96559743748569,3.78989660903134
"472","WTTR",1989,3.87798780332088,3.96824580697155,3.79760486886206
"473","WTTR",1990,3.88238287684297,3.96883133482012,3.80613474052967
"474","WTTR",1991,3.88721305625919,3.96975547647098,3.81255972096208
"475","WTTR",1992,3.89320418222412,3.97170520665905,3.81999261984474
"476","WTTR",1993,3.90044538514571,3.97515260345691,3.82800268333901
"477","WTTR",1994,3.90489446686904,3.97539424962854,3.83301868345921
"478","WTTR",1995,3.91144281883092,3.9824507582351,3.84107837615391
"479","WTTR",1996,3.91782814539605,3.98996981287597,3.84816697673999
"480","WTTR",1997,3.92518232863634,3.99751837053455,3.85609945232187
"481","WTTR",1998,3.93252398638309,4.00696557714976,3.86336370293999
"482","WTTR",1999,3.93912573807813,4.01417626936859,3.87069913582071
"483","WTTR",2000,3.94615793947402,4.0289106526898,3.87529600677113
"484","WTTR",2001,3.95489499555451,4.04077826151357,3.88045974837207
"485","WTTR",2002,3.96275764949983,4.05566387464139,3.88501456369029
"486","WTTR",2003,3.97032584835546,4.06849540165693,3.88544351457596
"487","WTTR",2004,3.97940715763875,4.08450092677474,3.88856086963327
"488","WTTR",2005,3.98880988109294,4.10144043229677,3.89075938885634
"489","WTTR",2006,3.99831899594648,4.11803754713057,3.89034454699606
"490","WTTR",2007,4.00815749692929,4.13693680873791,3.89417032967729
"491","WTTR",2008,4.01913579801419,4.1610888156722,3.89136796430536
"492","WTTR",2009,4.02867300405541,4.17889024838495,3.89013735181064
"493","WTTR",2010,4.03789195310674,4.19754103133167,3.88897591067091
"494","WTTR",2011,4.04794051367422,4.22204686799888,3.88881036519367
"495","WTTR",2012,4.05860058323943,4.24284761453154,3.89219702589631
"496","WTTR",2013,4.06940283428041,4.26529591521323,3.89113212391928
"497","WTTR",2014,4.08101725339771,4.2903929490189,3.88876429429166
"498","WTTR",2015,4.09246790782089,4.31160536170603,3.88670229369206
"499","BRBO",1891,4.06877157432866,4.20432774995452,3.92018873113877
"500","BRBO",1892,4.06535335153076,4.19748990737545,3.92225601549274
"501","BRBO",1893,4.06458629074132,4.19140667578215,3.92704513450518
"502","BRBO",1894,4.06171707117124,4.18753218565801,3.92888500271005
"503","BRBO",1895,4.05940594449394,4.18241890225471,3.92872578088337
"504","BRBO",1896,4.05754744931494,4.17958381226569,3.92505745039237
"505","BRBO",1897,4.05461701545511,4.17670217089938,3.92175816124923
"506","BRBO",1898,4.05151834574602,4.17088435155062,3.91999321391184
"507","BRBO",1899,4.04869571544624,4.17011175808334,3.91574162941417
"508","BRBO",1900,4.0470734676457,4.16707628639368,3.91263370749146
"509","BRBO",1901,4.04397546272803,4.15991463989122,3.91004708191481
"510","BRBO",1902,4.0414497723433,4.15899200744158,3.90807617165366
"511","BRBO",1903,4.03880610894209,4.15878117367589,3.90519933727009
"512","BRBO",1904,4.0382551733944,4.15772957777198,3.90312752909223
"513","BRBO",1905,4.03542028923206,4.16010463642061,3.90188201323879
"514","BRBO",1906,4.03325082097429,4.15992095651426,3.89815785407457
"515","BRBO",1907,4.03064549992629,4.15966971899731,3.89737875216088
"516","BRBO",1908,4.02813101692837,4.15844048655441,3.89650449557744
"517","BRBO",1909,4.02575535013773,4.15887633281906,3.89260516093278
"518","BRBO",1910,4.02244157109631,4.158376525101,3.88906507524948
"519","BRBO",1911,4.02038864821818,4.15770261790225,3.8851475944418
"520","BRBO",1912,4.01759417869076,4.15640410250136,3.88129422069444
"521","BRBO",1913,4.01444251260449,4.15497652007406,3.87927309348095
"522","BRBO",1914,4.01152153764777,4.15411793495717,3.87577823504291
"523","BRBO",1915,4.00834361189258,4.15416169866608,3.87052225583779
"524","BRBO",1916,4.00540703292585,4.15414497867799,3.86613289738609
"525","BRBO",1917,4.00264040266375,4.15426703144295,3.86135923779206
"526","BRBO",1918,3.99982506634899,4.15449553499101,3.8556557954557
"527","BRBO",1919,3.99674771693532,4.15500029150051,3.85255697642628
"528","BRBO",1920,3.99417667750727,4.15503908879727,3.84888997222509
"529","BRBO",1921,3.99104178117513,4.15233584167014,3.84493687513854
"530","BRBO",1922,3.98882079109709,4.15109337126459,3.83857259045037
"531","BRBO",1923,3.98584845686803,4.14960524153168,3.83584475572624
"532","BRBO",1924,3.98348558560771,4.14752726127476,3.83454843618916
"533","BRBO",1925,3.98136022636427,4.14631704600511,3.83190556971651
"534","BRBO",1926,3.97861602886608,4.14502636276166,3.82807949132936
"535","BRBO",1927,3.97608959618071,4.14325804690206,3.82450625924735
"536","BRBO",1928,3.97416387799031,4.13885643456904,3.82103499301061
"537","BRBO",1929,3.97169151085333,4.13644021981007,3.81767344354815
"538","BRBO",1930,3.96919280360736,4.13379889508407,3.81448170584091
"539","BRBO",1931,3.96654664638129,4.13077819077659,3.81145784558512
"540","BRBO",1932,3.96396359234115,4.12803694460236,3.80880266636209
"541","BRBO",1933,3.960608235941,4.12484401636329,3.80579023764378
"542","BRBO",1934,3.95852393175597,4.12130596232179,3.80315450348196
"543","BRBO",1935,3.95587265070295,4.11732001611916,3.80066355491022
"544","BRBO",1936,3.95362071784638,4.11413407766247,3.79847290719947
"545","BRBO",1937,3.95073359341942,4.11034306421288,3.79759587156554
"546","BRBO",1938,3.94841024371736,4.10705457443241,3.79824034344864
"547","BRBO",1939,3.9460663410952,4.10317278405296,3.7965099793344
"548","BRBO",1940,3.94327048641333,4.10056875009999,3.79524734218658
"549","BRBO",1941,3.94119680440442,4.09558231892324,3.79369135955774
"550","BRBO",1942,3.93888098368227,4.09196332524947,3.79216220497938
"551","BRBO",1943,3.93551816255225,4.08884026774835,3.79098174364517
"552","BRBO",1944,3.93211456161125,4.0856957419908,3.78888623166761
"553","BRBO",1945,3.92958504998925,4.08441449168435,3.78660147712831
"554","BRBO",1946,3.92667600393512,4.08045222838884,3.78386162763882
"555","BRBO",1947,3.92325270343211,4.07551495400091,3.78281773281466
"556","BRBO",1948,3.9197875059092,4.07249787912025,3.78192517460564
"557","BRBO",1949,3.91685856088242,4.06938369515807,3.78118960082911
"558","BRBO",1950,3.91520240309006,4.06662152528052,3.78095361174833
"559","BRBO",1951,3.91337089453665,4.06282479292037,3.78087036939661
"560","BRBO",1952,3.91277302944195,4.05908126269133,3.7825133118847
"561","BRBO",1953,3.9124598745464,4.05568413933362,3.78372004048227
"562","BRBO",1954,3.91303219222629,4.05130773579349,3.78163391383306
"563","BRBO",1955,3.91430260488034,4.04914990932159,3.78287177480093
"564","BRBO",1956,3.91447549044676,4.04641446770214,3.78252260777201
"565","BRBO",1957,3.91587695651568,4.04484787598038,3.78508997525584
"566","BRBO",1958,3.91675087338772,4.04417375469054,3.78556078482934
"567","BRBO",1959,3.91712471942586,4.04555864215549,3.78592449410415
"568","BRBO",1960,3.91715770467263,4.0468738984881,3.78634501070825
"569","BRBO",1961,3.91728169229015,4.04707529119901,3.78471763719921
"570","BRBO",1962,3.9171891756107,4.05083920056031,3.780157400389
"571","BRBO",1963,3.91690034839614,4.05614294276961,3.773768266441
"572","BRBO",1964,3.92015669705159,4.06474013370307,3.77280146771105
"573","BRBO",1965,3.91900835550011,4.06565561571932,3.76743500235958
"574","BRBO",1966,3.92020984835208,4.06937762831583,3.76636236982416
"575","BRBO",1967,3.92125790480693,4.07024893147281,3.76390904165021
"576","BRBO",1968,3.92191858495805,4.07522716501017,3.7598856258511
"577","BRBO",1969,3.92130933406051,4.0832024209993,3.75707483301837
"578","BRBO",1970,3.92295511718144,4.08823774848827,3.75526149173725
"579","BRBO",1971,3.92439748285206,4.09316250359229,3.75485299347498
"580","BRBO",1972,3.9270875189939,4.09759981217769,3.7544474216933
"581","BRBO",1973,3.92834756352885,4.10448253953461,3.75390718175248
"582","BRBO",1974,3.93072320477232,4.11056150468728,3.75472818230902
"583","BRBO",1975,3.9328774358017,4.1167401569803,3.75495686530532
"584","BRBO",1976,3.93630297100761,4.1231808193558,3.75346390218151
"585","BRBO",1977,3.93840367480799,4.12819144205784,3.75248895210852
"586","BRBO",1978,3.94102267402858,4.12991575857757,3.75190694575495
"587","BRBO",1979,3.94476521026376,4.1304540935912,3.75106956702788
"588","BRBO",1980,3.94706918013961,4.13499584296233,3.74993783718803
"589","BRBO",1981,3.94925706635294,4.13789479562403,3.75238138430556
"590","BRBO",1982,3.95090264129574,4.14318524592493,3.7534595961028
"591","BRBO",1983,3.95280218632987,4.14762174787053,3.75574232221051
"592","BRBO",1984,3.95468799075585,4.14728468174529,3.75595133395344
"593","BRBO",1985,3.95673514649216,4.15086596713895,3.75625933878795
"594","BRBO",1986,3.95744153569186,4.15042676755955,3.7564272600268
"595","BRBO",1987,3.95665396175463,4.14954324008885,3.75652612194508
"596","BRBO",1988,3.95625686623267,4.14885364551528,3.75642009420794
"597","BRBO",1989,3.95599988425094,4.14423127229693,3.75809407846155
"598","BRBO",1990,3.95265349684204,4.13876509123744,3.75757747623363
"599","BRBO",1991,3.95184097129477,4.13234920205487,3.75583054914144
"600","BRBO",1992,3.94931358284138,4.12551288106729,3.75578387464204
"601","BRBO",1993,3.94476307098617,4.12108995551073,3.75511033499989
"602","BRBO",1994,3.94202507111097,4.11644279383383,3.75754840062823
"603","BRBO",1995,3.93949602550467,4.11147286170717,3.76150258207321
"604","BRBO",1996,3.93780826728467,4.1063783991088,3.76079732688431
"605","BRBO",1997,3.9350174760333,4.09996450105868,3.76395592229695
"606","BRBO",1998,3.93221240949085,4.09356637265979,3.76579473409276
"607","BRBO",1999,3.92808368014847,4.08773173110633,3.76497028775965
"608","BRBO",2000,3.92587211007099,4.08075359840735,3.7663933736074
"609","BRBO",2001,3.92263791184946,4.0737327288713,3.76635600969582
"610","BRBO",2002,3.9182056458056,4.06590455581157,3.76945527183257
"611","BRBO",2003,3.91551171341282,4.05977088262525,3.77015223104998
"612","BRBO",2004,3.91106951326877,4.05072137256464,3.77360732024449
"613","BRBO",2005,3.90682907437065,4.04115463834509,3.7757063066359
"614","BRBO",2006,3.90120035315098,4.03364850299213,3.77307536853768
"615","BRBO",2007,3.89596949471998,4.02627462416482,3.76694817558415
"616","BRBO",2008,3.89020103923194,4.01490006589087,3.76433585523912
"617","BRBO",2009,3.8831040963902,4.00668386979994,3.75622927833911
"618","BRBO",2010,3.87702325916142,3.99916438856807,3.74903156716237
"619","BRBO",2011,3.87130478266506,3.99258288379461,3.74301133878832
"620","BRBO",2012,3.86446809018527,3.9885720608068,3.73184827926541
"621","BRBO",2013,3.85710908137494,3.98453492763979,3.71929906142302
"622","BRBO",2014,3.84973243503171,3.98123224210452,3.70629092266835
"623","BRBO",2015,3.84033386971089,3.98188109189284,3.68696897205142
"624","BRNO",1891,3.7261876057779,3.98481791523942,3.37424536830001
"625","BRNO",1892,3.71996478856678,3.97132320548369,3.38070173930585
"626","BRNO",1893,3.71462900053984,3.9616408055728,3.38245157534729
"627","BRNO",1894,3.71031948675049,3.95469876892022,3.38388986617929
"628","BRNO",1895,3.70512696164889,3.94350842917841,3.391381565249
"629","BRNO",1896,3.69989429268027,3.93474618258531,3.39403486409373
"630","BRNO",1897,3.6955027938675,3.92515889640052,3.39572406976387
"631","BRNO",1898,3.6917262830229,3.91404588844965,3.40396082137555
"632","BRNO",1899,3.68740256693598,3.90385356140872,3.41501710424874
"633","BRNO",1900,3.68508558839933,3.8975189426657,3.42294970279605
"634","BRNO",1901,3.68082052209643,3.88988445604823,3.42885257176749
"635","BRNO",1902,3.67784306115491,3.88177945682508,3.43097905353492
"636","BRNO",1903,3.67527807034351,3.87611785695927,3.432098207302
"637","BRNO",1904,3.67242160953938,3.86887213523541,3.43299650692376
"638","BRNO",1905,3.66974955111456,3.86086900253949,3.43591825460968
"639","BRNO",1906,3.66595741568434,3.85573463397845,3.43870756567422
"640","BRNO",1907,3.66394922757718,3.85216224722788,3.44313680076205
"641","BRNO",1908,3.65882997685794,3.84885071259547,3.44479115866532
"642","BRNO",1909,3.65554654614812,3.84502304619292,3.44844533724079
"643","BRNO",1910,3.65302778748222,3.84427500638318,3.44889946589361
"644","BRNO",1911,3.65121631493707,3.83921308822566,3.45074515416793
"645","BRNO",1912,3.64937923745946,3.8386067988732,3.45238285099169
"646","BRNO",1913,3.64705916177195,3.83919227464903,3.45154596043723
"647","BRNO",1914,3.6463533640412,3.83524232121506,3.45583293452175
"648","BRNO",1915,3.64351289345792,3.83304846355901,3.45637347855397
"649","BRNO",1916,3.64092731647223,3.83117753775726,3.45992952692703
"650","BRNO",1917,3.64107798355264,3.8299034568711,3.46525250494331
"651","BRNO",1918,3.6413367148958,3.82855138560906,3.46740654571674
"652","BRNO",1919,3.63926053719322,3.82584654153627,3.46889550738633
"653","BRNO",1920,3.63835754674359,3.82481832035513,3.47137857843604
"654","BRNO",1921,3.6376635717201,3.82438792316179,3.4738930293517
"655","BRNO",1922,3.63636073067319,3.823473853346,3.47596565120489
"656","BRNO",1923,3.63565436007855,3.82567619810033,3.47668195868235
"657","BRNO",1924,3.63703231801679,3.82278716960878,3.47546050057896
"658","BRNO",1925,3.63852261199612,3.82285819410614,3.47807877048401
"659","BRNO",1926,3.63841346209598,3.82212672174994,3.47937442583606
"660","BRNO",1927,3.63754536327631,3.82220099314627,3.48030608194935
"661","BRNO",1928,3.63763064691957,3.82323667056625,3.48221673970565
"662","BRNO",1929,3.63849088635347,3.82254411923992,3.48164198728221
"663","BRNO",1930,3.63901657439518,3.82178072519239,3.48158253553193
"664","BRNO",1931,3.63982311987122,3.82194201839651,3.48402368632027
"665","BRNO",1932,3.6407095172456,3.82033971403242,3.4853828815345
"666","BRNO",1933,3.64151958192764,3.8202573040939,3.48758096859483
"667","BRNO",1934,3.64255548169807,3.82055465040051,3.48833080986209
"668","BRNO",1935,3.64435213845563,3.82182369148322,3.48929021975805
"669","BRNO",1936,3.64499577909692,3.82311784504417,3.49085419979723
"670","BRNO",1937,3.64552683520996,3.82408599570501,3.49206932661631
"671","BRNO",1938,3.6467946894203,3.8259469808707,3.49471668555732
"672","BRNO",1939,3.64855893991289,3.82642315790098,3.49682537114819
"673","BRNO",1940,3.65131872254873,3.82797607867418,3.49864169534453
"674","BRNO",1941,3.6541899952982,3.83071835584078,3.50146871394536
"675","BRNO",1942,3.6563255697583,3.83519951412797,3.5050474815806
"676","BRNO",1943,3.66096241641556,3.83831340383461,3.50891508167375
"677","BRNO",1944,3.6654084947745,3.84239704612814,3.51333851482451
"678","BRNO",1945,3.67168033841535,3.84521741619299,3.51920176169947
"679","BRNO",1946,3.67857573793244,3.84864264511897,3.52551387432978
"680","BRNO",1947,3.68508926602156,3.85452903442517,3.53310677901476
"681","BRNO",1948,3.69171504103164,3.85853127136989,3.54077994099
"682","BRNO",1949,3.69936150798524,3.86361784547793,3.54887565207279
"683","BRNO",1950,3.70833558014476,3.86959610893519,3.55879536947728
"684","BRNO",1951,3.71657464708725,3.87303075145542,3.56921726640882
"685","BRNO",1952,3.72736687665412,3.87867544839485,3.58053917319073
"686","BRNO",1953,3.73640460697714,3.88407163411917,3.59019844037571
"687","BRNO",1954,3.74513046615779,3.89021586971539,3.59876198349971
"688","BRNO",1955,3.75332826375411,3.89758857427797,3.61106097133289
"689","BRNO",1956,3.7636354892919,3.90356777382407,3.62341580676627
"690","BRNO",1957,3.77214348052351,3.91004083963582,3.6357687582874
"691","BRNO",1958,3.78111161259346,3.91632619082521,3.64642182731592
"692","BRNO",1959,3.78904898450576,3.9215967532796,3.65587395402945
"693","BRNO",1960,3.79710716138909,3.9263109107726,3.66133954101046
"694","BRNO",1961,3.80602399694087,3.93016814574955,3.66894317394693
"695","BRNO",1962,3.81300584297243,3.93412005197322,3.67660606786954
"696","BRNO",1963,3.8202429187961,3.94353341969723,3.68132015575424
"697","BRNO",1964,3.8270254422627,3.95192244680334,3.68564974120514
"698","BRNO",1965,3.83177414398419,3.95688159229329,3.69183859816802
"699","BRNO",1966,3.83714445780884,3.96117641353189,3.69802041645876
"700","BRNO",1967,3.84213785761757,3.96480668313978,3.70219239635389
"701","BRNO",1968,3.84623369053522,3.96796571093401,3.70679401932642
"702","BRNO",1969,3.85009945359552,3.97063373203095,3.71392978761468
"703","BRNO",1970,3.85476684308455,3.97356798971211,3.72107584620604
"704","BRNO",1971,3.85904003153727,3.97699934202734,3.72741674838501
"705","BRNO",1972,3.86195736428632,3.97916067018085,3.73196559558331
"706","BRNO",1973,3.86401653828124,3.98304786379081,3.73536804025618
"707","BRNO",1974,3.86647743206504,3.98239197523848,3.73943797457619
"708","BRNO",1975,3.86897006326281,3.98281436572748,3.7416140293409
"709","BRNO",1976,3.87053073520669,3.98761136666257,3.74558992993376
"710","BRNO",1977,3.87212246485808,3.9875736328078,3.74779466544622
"711","BRNO",1978,3.87276177805959,3.98660675305741,3.75162512052511
"712","BRNO",1979,3.87349607939988,3.98552313780066,3.75333388612668
"713","BRNO",1980,3.87371216780096,3.98562892224081,3.75412550841867
"714","BRNO",1981,3.87420350080891,3.98107632015124,3.75429946329685
"715","BRNO",1982,3.87409551564093,3.97996399971354,3.75654645278594
"716","BRNO",1983,3.87271807334489,3.9784774991828,3.75794755889373
"717","BRNO",1984,3.87090113117139,3.9741996064476,3.76113163727709
"718","BRNO",1985,3.86872410754825,3.96934297305837,3.76151004784742
"719","BRNO",1986,3.86671256011375,3.96431791627841,3.76008358264503
"720","BRNO",1987,3.86345553079105,3.9592249481806,3.7586875681898
"721","BRNO",1988,3.86085153750682,3.95633870305814,3.75866158952567
"722","BRNO",1989,3.85777368418698,3.95168183926298,3.758065609191
"723","BRNO",1990,3.85405239931585,3.94776140586859,3.75490641120987
"724","BRNO",1991,3.8505323954062,3.94172335128667,3.75283914449389
"725","BRNO",1992,3.84602820904655,3.93513085168783,3.75043709701289
"726","BRNO",1993,3.84056776118469,3.9291505176289,3.74825032049069
"727","BRNO",1994,3.83482101191704,3.92256240772834,3.74427209963493
"728","BRNO",1995,3.82802719791786,3.91543826609025,3.74069488777921
"729","BRNO",1996,3.8218097594251,3.90774271357746,3.7345860806448
"730","BRNO",1997,3.81617362539294,3.89691516517839,3.72941846954789
"731","BRNO",1998,3.81009404007786,3.88910159161082,3.72128651711016
"732","BRNO",1999,3.80393367814871,3.88094622714765,3.71381307141513
"733","BRNO",2000,3.79634478358335,3.87390553032018,3.70645218760761
"734","BRNO",2001,3.78803710330946,3.86589019537224,3.69621093770163
"735","BRNO",2002,3.7795269220083,3.85857329734675,3.68461414902578
"736","BRNO",2003,3.77136935561917,3.85097835004931,3.67280612487955
"737","BRNO",2004,3.76272793182587,3.84163350157906,3.6602683952206
"738","BRNO",2005,3.75429163378693,3.83549900865277,3.64740705419969
"739","BRNO",2006,3.74407363259207,3.82749430058908,3.63138514199403
"740","BRNO",2007,3.73275635202436,3.8201559144422,3.61434359356395
"741","BRNO",2008,3.72209274710826,3.81245672084966,3.5985281993587
"742","BRNO",2009,3.71164625180299,3.80450750554146,3.58036676763878
"743","BRNO",2010,3.7010210435939,3.79744360270884,3.56320261155208
"744","BRNO",2011,3.68818864860295,3.79212699057566,3.54392124556569
"745","BRNO",2012,3.67635426616701,3.78417816689164,3.52498922684311
"746","BRNO",2013,3.66335536089857,3.77849409161066,3.50591854658358
"747","BRNO",2014,3.64976277707479,3.7732182469434,3.48851677994686
"748","BRNO",2015,3.6361711223583,3.76834339750562,3.4683168894485
"749","WHTE",1891,3.909844619088,4.31907468059898,3.66472447418823
"750","WHTE",1892,3.90563525203254,4.30097543933025,3.67015398898384
"751","WHTE",1893,3.90229301762149,4.2816498614369,3.67573548718126
"752","WHTE",1894,3.89731226591161,4.2626852620853,3.68113157862257
"753","WHTE",1895,3.89325219706907,4.24412642578958,3.68647823850194
"754","WHTE",1896,3.88880539586043,4.22596907132312,3.69113207073109
"755","WHTE",1897,3.88629521334695,4.20820881154069,3.69637609974664
"756","WHTE",1898,3.88312228443873,4.19108995200135,3.70201232728286
"757","WHTE",1899,3.8792159318291,4.17389476465574,3.70709490288319
"758","WHTE",1900,3.87780054163108,4.15730864147818,3.71190374955445
"759","WHTE",1901,3.87443037624265,4.14109960533356,3.71620096571735
"760","WHTE",1902,3.87043523012846,4.12526665558598,3.718355082266
"761","WHTE",1903,3.86711669416116,4.10980538711096,3.71933475109802
"762","WHTE",1904,3.86445620063508,4.09429795618803,3.72055712376138
"763","WHTE",1905,3.8621634722314,4.07925485013232,3.7228013107945
"764","WHTE",1906,3.85903583543937,4.06495095161369,3.72694755083711
"765","WHTE",1907,3.8572567074547,4.05027902478736,3.73008150673717
"766","WHTE",1908,3.85396681972142,4.03622525647492,3.73382571143834
"767","WHTE",1909,3.85155467909298,4.02253033086358,3.73780248362404
"768","WHTE",1910,3.84839011208789,4.00955407592245,3.74010112821836
"769","WHTE",1911,3.84569694933822,3.99618405757476,3.74268596960251
"770","WHTE",1912,3.8431271692612,3.98268024535831,3.74496093701589
"771","WHTE",1913,3.84016502351778,3.97103278784079,3.74803609108559
"772","WHTE",1914,3.838118952885,3.96024893026148,3.75197748833068
"773","WHTE",1915,3.835364490905,3.95180007246731,3.75552247180646
"774","WHTE",1916,3.83242152686303,3.94081285541082,3.75478169262132
"775","WHTE",1917,3.82964287387489,3.93397088759628,3.75513445560935
"776","WHTE",1918,3.82730130711762,3.92578884433766,3.75422538841577
"777","WHTE",1919,3.82543964572619,3.92081679147362,3.75357590790428
"778","WHTE",1920,3.82361339070039,3.9130868301369,3.75213277251132
"779","WHTE",1921,3.82164350635816,3.90551853648957,3.75265823307883
"780","WHTE",1922,3.81956833920774,3.89829529790968,3.75142233977081
"781","WHTE",1923,3.81726209475196,3.89078901883365,3.74892298614705
"782","WHTE",1924,3.81461829748196,3.88565886951142,3.74696961051247
"783","WHTE",1925,3.812452098532,3.8823547390167,3.74798417258288
"784","WHTE",1926,3.81131158331354,3.87740154290871,3.74661607413967
"785","WHTE",1927,3.80971792708474,3.8754806459237,3.74452279348681
"786","WHTE",1928,3.80872877485133,3.87302740026919,3.74209050587867
"787","WHTE",1929,3.80794051460331,3.87168266661587,3.7415922603839
"788","WHTE",1930,3.80649637979442,3.87192239658659,3.74137365041587
"789","WHTE",1931,3.80619798820247,3.87240483521549,3.74157946503845
"790","WHTE",1932,3.80585805088284,3.87279044211109,3.74181852940337
"791","WHTE",1933,3.80500577168043,3.87350304295626,3.74094992016975
"792","WHTE",1934,3.8043482132671,3.87451998694254,3.73991640464892
"793","WHTE",1935,3.80474198139523,3.8759293000019,3.73870632674127
"794","WHTE",1936,3.80584939090461,3.87779532719013,3.73750019560332
"795","WHTE",1937,3.80591877281519,3.88213482601172,3.73668059736138
"796","WHTE",1938,3.80566972517873,3.88658396167273,3.73422225972067
"797","WHTE",1939,3.80495345597017,3.89116413452233,3.73425169964591
"798","WHTE",1940,3.80559500170669,3.896482889989,3.73226274145609
"799","WHTE",1941,3.8055721107916,3.9019073680535,3.73106779085884
"800","WHTE",1942,3.80649813241697,3.90665358083559,3.72994751235697
"801","WHTE",1943,3.80709190556754,3.91310009420904,3.72867765122366
"802","WHTE",1944,3.80719369888568,3.91817988508068,3.72756522907406
"803","WHTE",1945,3.80697811474026,3.92341494021636,3.72473821283028
"804","WHTE",1946,3.80720355774924,3.92824402427065,3.7218394929571
"805","WHTE",1947,3.80702188130057,3.93343584296319,3.71960819100051
"806","WHTE",1948,3.80690140164698,3.93866450341408,3.71708855020932
"807","WHTE",1949,3.80680532336271,3.94449177561833,3.71591384590518
"808","WHTE",1950,3.80742633927241,3.95070997335072,3.71329253139594
"809","WHTE",1951,3.80803809021091,3.95831565548573,3.71150382354026
"810","WHTE",1952,3.80841390751105,3.96360931844038,3.70910440113043
"811","WHTE",1953,3.80860642008697,3.96997788777245,3.70590415996459
"812","WHTE",1954,3.80922947072379,3.97500319074347,3.70312463596256
"813","WHTE",1955,3.81006547296191,3.98048637253517,3.69939032611251
"814","WHTE",1956,3.8105740453122,3.98530749942911,3.69598077395708
"815","WHTE",1957,3.81119870748362,3.99093147103366,3.69241011442171
"816","WHTE",1958,3.81236305264699,3.99614346033793,3.68870350999854
"817","WHTE",1959,3.81378709019252,4.00169726191909,3.68815598984675
"818","WHTE",1960,3.81325912241043,4.00615599035166,3.68467281737521
"819","WHTE",1961,3.81328545206056,4.00929092372808,3.68131752786975
"820","WHTE",1962,3.81335087151548,4.01277099523004,3.6799298885526
"821","WHTE",1963,3.81360146620418,4.01570529589112,3.6787528489581
"822","WHTE",1964,3.81327848023315,4.01807346473011,3.67609969737735
"823","WHTE",1965,3.81293829843441,4.01974961280418,3.67404334815624
"824","WHTE",1966,3.81198415519345,4.02112918101708,3.67270397760236
"825","WHTE",1967,3.8112137195954,4.0217572925756,3.67139666222093
"826","WHTE",1968,3.81036814507174,4.02183092025818,3.6698694586871
"827","WHTE",1969,3.80923410686932,4.02175157674035,3.66783619464473
"828","WHTE",1970,3.80822784049298,4.02116604144612,3.66579650535026
"829","WHTE",1971,3.80663578181785,4.01866155595417,3.66369850194504
"830","WHTE",1972,3.80531868631116,4.01685814505432,3.66155890819018
"831","WHTE",1973,3.80392116135632,4.0149734913409,3.65939444784678
"832","WHTE",1974,3.80248183787264,4.0122636774055,3.65722184467594
"833","WHTE",1975,3.80184096246794,4.01033073995809,3.65505782243878
"834","WHTE",1976,3.80093662237446,4.00772686249508,3.65323125206163
"835","WHTE",1977,3.7995979311729,4.00470388054113,3.65120626219794
"836","WHTE",1978,3.79754140807875,4.00182136250289,3.64996351916958
"837","WHTE",1979,3.79613613599572,3.99797296141273,3.64792084739895
"838","WHTE",1980,3.79427866718195,3.99345530129352,3.64603152105796
"839","WHTE",1981,3.79251714864367,3.98894643711469,3.64558379398398
"840","WHTE",1982,3.79041770146516,3.98464695104852,3.64475563077655
"841","WHTE",1983,3.78820055791307,3.98056287761177,3.64309376403593
"842","WHTE",1984,3.78591737121581,3.97570587953089,3.64157596446421
"843","WHTE",1985,3.78348170604938,3.96974276416933,3.64096318985875
"844","WHTE",1986,3.78050884918139,3.9638437353755,3.63934711925205
"845","WHTE",1987,3.77774870992203,3.95864712230802,3.63760802571262
"846","WHTE",1988,3.77492230192317,3.95317884076544,3.63592194932643
"847","WHTE",1989,3.7720083941276,3.94576847378586,3.63430509737339
"848","WHTE",1990,3.76886088745235,3.93939754652502,3.63407888041755
"849","WHTE",1991,3.76557783036358,3.93190663470327,3.6334957117552
"850","WHTE",1992,3.76208169008425,3.9234930209371,3.63214863211795
"851","WHTE",1993,3.7578738512848,3.91439482585998,3.63212255061909
"852","WHTE",1994,3.7539870238299,3.90532457599776,3.63147437947851
"853","WHTE",1995,3.74999283129069,3.89724407249077,3.63159891213323
"854","WHTE",1996,3.74680555104721,3.88892538011393,3.63007563971451
"855","WHTE",1997,3.74333335223708,3.87914774099955,3.6277186805467
"856","WHTE",1998,3.74004755249694,3.86847815748226,3.62612552416378
"857","WHTE",1999,3.73533622633809,3.8582703099803,3.62556316917495
"858","WHTE",2000,3.73069427104468,3.84932009781265,3.62512576983628
"859","WHTE",2001,3.72657132703599,3.83931548375349,3.62487946569647
"860","WHTE",2002,3.72137713817254,3.82653706525125,3.62361660199075
"861","WHTE",2003,3.71691033534997,3.8165096744704,3.62347821998568
"862","WHTE",2004,3.71186400838051,3.80759456943427,3.62211700041792
"863","WHTE",2005,3.70712519460626,3.79771730006031,3.62063124031854
"864","WHTE",2006,3.7026051984558,3.78742653682322,3.61884967866427
"865","WHTE",2007,3.69772952076604,3.77717064404504,3.61805616724209
"866","WHTE",2008,3.69259573290434,3.76544152318598,3.6158074918973
"867","WHTE",2009,3.68767830970651,3.75657057826328,3.61371125454553
"868","WHTE",2010,3.68126924560065,3.74918934647082,3.61314718308205
"869","WHTE",2011,3.67613292168756,3.74054719303935,3.60818998826674
"870","WHTE",2012,3.66958370329427,3.73234687932414,3.60437474115249
"871","WHTE",2013,3.66306017602364,3.72567457828466,3.60008165413802
"872","WHTE",2014,3.65646760645536,3.72045205587759,3.59358831760185
"873","WHTE",2015,3.6507197640235,3.71951741545086,3.58738328625395
"874","SOTE",1891,4.0502938301581,4.29920753113692,3.81303925260357
"875","SOTE",1892,4.05467109480638,4.28822512902962,3.82334861200035
"876","SOTE",1893,4.05760887706668,4.27839786868287,3.83833675416616
"877","SOTE",1894,4.06128612695762,4.27357695958293,3.85047906786844
"878","SOTE",1895,4.06435066559117,4.26733821891135,3.86216465478489
"879","SOTE",1896,4.06967196705398,4.25958766420568,3.87343071518717
"880","SOTE",1897,4.07092439450796,4.25594064103773,3.88152380316036
"881","SOTE",1898,4.07384164698922,4.24922957685153,3.88508050207168
"882","SOTE",1899,4.07614016032055,4.24897147907072,3.89557449159089
"883","SOTE",1900,4.07775211160591,4.24890884623267,3.89907382249132
"884","SOTE",1901,4.07808817799931,4.24899673349467,3.90888882130235
"885","SOTE",1902,4.07772580082349,4.24707023595645,3.91700352961997
"886","SOTE",1903,4.07823503993094,4.24761154479066,3.91798029580589
"887","SOTE",1904,4.07856648588094,4.2451549742294,3.9159563665236
"888","SOTE",1905,4.07862142343021,4.24587668632872,3.91689249074895
"889","SOTE",1906,4.07861804593218,4.245215321078,3.91719014588399
"890","SOTE",1907,4.07998777657336,4.24548290311108,3.91735846567147
"891","SOTE",1908,4.07964387177035,4.24711276488588,3.91574377104744
"892","SOTE",1909,4.07973168821077,4.24535911634547,3.91467663185141
"893","SOTE",1910,4.07868835252026,4.24747137095232,3.91194593068954
"894","SOTE",1911,4.07923487467117,4.25005424643113,3.91029284604915
"895","SOTE",1912,4.0793122780121,4.25187137967087,3.90847397635642
"896","SOTE",1913,4.07982882324044,4.25420834156025,3.90297866315235
"897","SOTE",1914,4.07977180445418,4.25750160474484,3.89765786570789
"898","SOTE",1915,4.07955749621032,4.25822860634734,3.89349493227113
"899","SOTE",1916,4.07799561861042,4.2619183872277,3.88955777240251
"900","SOTE",1917,4.07659255677385,4.26422035208258,3.88762034208529
"901","SOTE",1918,4.07629766549926,4.26655619600959,3.88393075097244
"902","SOTE",1919,4.07493651574528,4.26847960647078,3.87885221944311
"903","SOTE",1920,4.07323685547627,4.26980997773691,3.87539500461276
"904","SOTE",1921,4.07250355644337,4.26960580697519,3.8722603145911
"905","SOTE",1922,4.07094945014501,4.27236704406458,3.86927999467856
"906","SOTE",1923,4.06947855559043,4.27256044830488,3.86460585474066
"907","SOTE",1924,4.06754962782189,4.27247201219431,3.85752252744812
"908","SOTE",1925,4.0664586345701,4.27110280914022,3.85201534826542
"909","SOTE",1926,4.06428956290567,4.27148304318562,3.84664626373975
"910","SOTE",1927,4.06252094672892,4.27146291738212,3.84039210423338
"911","SOTE",1928,4.06049678263812,4.27104651560568,3.83437563749477
"912","SOTE",1929,4.05818667709193,4.27264240518457,3.82964254017736
"913","SOTE",1930,4.05574315103332,4.27143435907861,3.82587856122558
"914","SOTE",1931,4.05344427880057,4.27242243288344,3.82092479213779
"915","SOTE",1932,4.05201413891493,4.2720844528964,3.8169409324149
"916","SOTE",1933,4.04976037577131,4.27153245843175,3.81307976229519
"917","SOTE",1934,4.04776245512345,4.27080522850793,3.80897135091435
"918","SOTE",1935,4.04540920417754,4.26997517749911,3.80472506547091
"919","SOTE",1936,4.04253563771696,4.26898288492625,3.80135783826852
"920","SOTE",1937,4.04048346151936,4.26671496547021,3.79815386483267
"921","SOTE",1938,4.03824498575213,4.26434074488558,3.79523010899495
"922","SOTE",1939,4.03627257492471,4.26181303381373,3.7927057544386
"923","SOTE",1940,4.03363300373165,4.25836570161505,3.79056044061048
"924","SOTE",1941,4.03086208798042,4.25239436202285,3.78881454399152
"925","SOTE",1942,4.02838134685827,4.24672123415688,3.78958517086686
"926","SOTE",1943,4.02458518257905,4.2411390042885,3.79102288121123
"927","SOTE",1944,4.02217878203309,4.23489044036796,3.79041009506051
"928","SOTE",1945,4.01875393159802,4.22743988698009,3.79135406320174
"929","SOTE",1946,4.01570257588273,4.21935341570584,3.79164745088181
"930","SOTE",1947,4.01312103993017,4.21001281123477,3.794988541975
"931","SOTE",1948,4.01044290016227,4.2016938088883,3.80029189056491
"932","SOTE",1949,4.00794921810205,4.19260777941723,3.80249387689993
"933","SOTE",1950,4.00472445418956,4.18564560162493,3.80262930358696
"934","SOTE",1951,4.00133525398019,4.17712510623475,3.80627804353532
"935","SOTE",1952,3.99871594197943,4.17134106730556,3.80988582718958
"936","SOTE",1953,3.99549789764387,4.16514355365551,3.81127343666974
"937","SOTE",1954,3.99193823535708,4.1529858604465,3.81541638166935
"938","SOTE",1955,3.98851983625014,4.14378035123988,3.81883106607759
"939","SOTE",1956,3.98504909974971,4.13645220756838,3.81710006393113
"940","SOTE",1957,3.98233070313765,4.12921181608129,3.82101169404676
"941","SOTE",1958,3.98023650590978,4.1210583459207,3.81805621495534
"942","SOTE",1959,3.97709547880606,4.11461223690951,3.81650101792197
"943","SOTE",1960,3.97505720375796,4.1084761674806,3.81456696663637
"944","SOTE",1961,3.97193468318494,4.09903110067642,3.81504609373655
"945","SOTE",1962,3.96773814303614,4.09384350286518,3.81530612243697
"946","SOTE",1963,3.96443510304836,4.0875539055142,3.81836647452723
"947","SOTE",1964,3.96157243408094,4.0817599987782,3.81957107149445
"948","SOTE",1965,3.95865146294805,4.07610991202162,3.81635687561326
"949","SOTE",1966,3.95527067115377,4.07038641775484,3.81544769498576
"950","SOTE",1967,3.95297942246768,4.06682463395154,3.81559365460964
"951","SOTE",1968,3.9489700985921,4.06011675329024,3.81408358694599
"952","SOTE",1969,3.94600771978498,4.05517194054298,3.81435755679552
"953","SOTE",1970,3.94343444945973,4.04944413353077,3.81406095476873
"954","SOTE",1971,3.93910564569279,4.04373604498963,3.81249145055473
"955","SOTE",1972,3.93614822809681,4.0380139829927,3.80952471565259
"956","SOTE",1973,3.93384511758967,4.03272434706938,3.80796173395546
"957","SOTE",1974,3.93060313733669,4.02970561401324,3.81059757807137
"958","SOTE",1975,3.92734837457407,4.02409551308287,3.8089740057951
"959","SOTE",1976,3.92454063216389,4.02095385446775,3.8102069088982
"960","SOTE",1977,3.92120436929723,4.01824699118751,3.80814219213409
"961","SOTE",1978,3.91796855176938,4.01445008729348,3.80759326493476
"962","SOTE",1979,3.91468253315536,4.01032383927407,3.80655957290833
"963","SOTE",1980,3.91152136240654,4.00551439831587,3.80448965584705
"964","SOTE",1981,3.90823473339809,4.00241716121208,3.80290984398452
"965","SOTE",1982,3.90559626856182,3.99795614116877,3.80002716102833
"966","SOTE",1983,3.90200758954374,3.99270061657533,3.7979531857256
"967","SOTE",1984,3.89853435920975,3.98638765566043,3.79734065370131
"968","SOTE",1985,3.89527148114132,3.983532568767,3.79591550350205
"969","SOTE",1986,3.89056548346358,3.98019855462331,3.79602230807792
"970","SOTE",1987,3.88701220511255,3.97866404984845,3.79360442901468
"971","SOTE",1988,3.88419131075998,3.97482448506532,3.79138127714424
"972","SOTE",1989,3.88067783743137,3.9697680226729,3.78962773310445
"973","SOTE",1990,3.87728272906159,3.96676092522364,3.78841618679641
"974","SOTE",1991,3.87380234371025,3.96360940296174,3.78642800821457
"975","SOTE",1992,3.86911342184751,3.96184743422411,3.78264357593866
"976","SOTE",1993,3.86492644912904,3.95862490068244,3.77805787884688
"977","SOTE",1994,3.8610329175145,3.95216802296784,3.77254083551128
"978","SOTE",1995,3.85739078063706,3.9517182744915,3.7706117490642
"979","SOTE",1996,3.85280079326259,3.95130484483226,3.76633106781864
"980","SOTE",1997,3.84793412900688,3.95272454782277,3.76145065650377
"981","SOTE",1998,3.84296695975624,3.95265775824023,3.75695436720265
"982","SOTE",1999,3.83843210698539,3.95460195899995,3.75095286325668
"983","SOTE",2000,3.83397958948718,3.95416775768643,3.74584577768286
"984","SOTE",2001,3.82842943912754,3.95536966710363,3.74032756489548
"985","SOTE",2002,3.82317186039675,3.95540237420666,3.73457305316838
"986","SOTE",2003,3.81707330582327,3.95698548744773,3.72665613947409
"987","SOTE",2004,3.8111110641655,3.96139005770505,3.71965008819272
"988","SOTE",2005,3.80685900692648,3.96589744601393,3.71277756027044
"989","SOTE",2006,3.80122031201764,3.96984720730319,3.70632257718493
"990","SOTE",2007,3.79562598783437,3.97399926688814,3.69728414702016
"991","SOTE",2008,3.78978076181229,3.97658737565934,3.68764009583153
"992","SOTE",2009,3.78385612337924,3.97938520021041,3.67885372515033
"993","SOTE",2010,3.77782677890566,3.98188973046645,3.66890587717953
"994","SOTE",2011,3.77101688132667,3.98715433655024,3.65867114016693
"995","SOTE",2012,3.76477224685835,3.99272374248347,3.6491470709265
"996","SOTE",2013,3.75856161301794,4.00197887347978,3.63716917417405
"997","SOTE",2014,3.75150014792464,4.0090400751586,3.62504070155493
"998","TP",1891,4.1088931959168,4.25600690899156,3.93714085372753
"999","TP",1892,4.10757995556217,4.24821095935647,3.94366330330698
"1000","TP",1893,4.10539621176561,4.2424220235415,3.94711998193802
"1001","TP",1894,4.10292488931075,4.23622084402515,3.95058060737441
"1002","TP",1895,4.10183640220146,4.23134428220006,3.95398779954654
"1003","TP",1896,4.10005324895186,4.22742700365439,3.96136869947646
"1004","TP",1897,4.10026513013108,4.22161415232022,3.9676570299246
"1005","TP",1898,4.09856065551299,4.21741899591975,3.97285282350274
"1006","TP",1899,4.09596287168466,4.21212217480973,3.97858252708788
"1007","TP",1900,4.09491946743939,4.20802817566344,3.9827816474324
"1008","TP",1901,4.09306247793803,4.20394758988294,3.98648771828849
"1009","TP",1902,4.09081254038166,4.1981826015013,3.98371415633626
"1010","TP",1903,4.08837808223644,4.19277590652208,3.98753614668717
"1011","TP",1904,4.08595894424075,4.18650497676746,3.98732338640553
"1012","TP",1905,4.08453851857002,4.18301624977244,3.98802794185496
"1013","TP",1906,4.0824650213807,4.17854774341415,3.98822601332893
"1014","TP",1907,4.08055547924881,4.17626663862669,3.98777910988448
"1015","TP",1908,4.07993180678463,4.17194217223991,3.98802355686673
"1016","TP",1909,4.07725969504509,4.16723493189721,3.9876935207164
"1017","TP",1910,4.07529388961786,4.16356302116386,3.98697030688717
"1018","TP",1911,4.07350498040155,4.15949871030811,3.98444258215998
"1019","TP",1912,4.07120684424263,4.1558989854193,3.98368456400658
"1020","TP",1913,4.06950727164678,4.15340840511569,3.98015868712865
"1021","TP",1914,4.06803139292558,4.150566885027,3.97672989583726
"1022","TP",1915,4.06622322275812,4.14776714791937,3.97519814617795
"1023","TP",1916,4.06526226852455,4.14536690273645,3.97353828339099
"1024","TP",1917,4.06269413436283,4.14421942470656,3.97192464769284
"1025","TP",1918,4.06030708361869,4.14265392927807,3.97029934642024
"1026","TP",1919,4.05750470277234,4.13918917964917,3.96745336116173
"1027","TP",1920,4.05491321010667,4.13765962073346,3.9660732685602
"1028","TP",1921,4.05299636936322,4.13495960932617,3.96289152274738
"1029","TP",1922,4.05055066392083,4.13413621375705,3.95975430204461
"1030","TP",1923,4.04850302991409,4.13372854733991,3.95679320672669
"1031","TP",1924,4.04697980942901,4.13196122658553,3.95394608380733
"1032","TP",1925,4.04482314542602,4.13202435968328,3.95108545638997
"1033","TP",1926,4.04240915946289,4.13202677985565,3.94812062784508
"1034","TP",1927,4.04046424150347,4.12930333916902,3.94337515245083
"1035","TP",1928,4.03861195477659,4.12775964875518,3.94149926029856
"1036","TP",1929,4.03598805745059,4.12611051208578,3.93835757916328
"1037","TP",1930,4.03427850949399,4.12444266042875,3.93600645530184
"1038","TP",1931,4.03185626475452,4.12304642440829,3.93331623141465
"1039","TP",1932,4.02934731534297,4.12108999061041,3.93087363351851
"1040","TP",1933,4.02728743968898,4.11882743518002,3.92930676178156
"1041","TP",1934,4.02472950926692,4.11615524535145,3.92731220230782
"1042","TP",1935,4.02173435424314,4.11365883709196,3.92423162438919
"1043","TP",1936,4.01901046256886,4.11219925934227,3.92280611019449
"1044","TP",1937,4.01637135505565,4.10814759379,3.92109397706555
"1045","TP",1938,4.01385337772667,4.10570209078656,3.91989256361261
"1046","TP",1939,4.01136670314015,4.1009838041663,3.91754683027659
"1047","TP",1940,4.00875793053366,4.09661498535186,3.91495776122811
"1048","TP",1941,4.00587175053395,4.09422915371898,3.91154153449651
"1049","TP",1942,4.00340195131718,4.09176276356109,3.90920206031422
"1050","TP",1943,4.00005404231969,4.08925344539066,3.90687994520236
"1051","TP",1944,3.99740446655311,4.08687557072007,3.90459984253293
"1052","TP",1945,3.9944931227575,4.0845530321601,3.89927964063604
"1053","TP",1946,3.99197686694289,4.0811668637051,3.89660774332436
"1054","TP",1947,3.98970080922597,4.07837114040683,3.89311613534115
"1055","TP",1948,3.98737488497399,4.07552823816158,3.89127469901238
"1056","TP",1949,3.98466898368707,4.07271337215216,3.88895422511144
"1057","TP",1950,3.98267511781053,4.07254574711528,3.88621953594918
"1058","TP",1951,3.98081583714853,4.07068051161248,3.88268910908857
"1059","TP",1952,3.97887958831959,4.06757407957281,3.88072218018743
"1060","TP",1953,3.97642413148437,4.06455405989326,3.87891780716766
"1061","TP",1954,3.97365356623962,4.06150385523533,3.87790090943397
"1062","TP",1955,3.97175868084228,4.06004013405548,3.87574202512068
"1063","TP",1956,3.9708731094769,4.05897889197572,3.87584005427607
"1064","TP",1957,3.96927612349929,4.0578215407466,3.87636786555139
"1065","TP",1958,3.96778808696736,4.05734327002426,3.87563049475424
"1066","TP",1959,3.96740935018468,4.05719508470934,3.87558688204348
"1067","TP",1960,3.96681018790051,4.05719680738918,3.87612182861239
"1068","TP",1961,3.96701983746001,4.05774243809033,3.87498358769747
"1069","TP",1962,3.96696476824502,4.05692363355305,3.87681021890101
"1070","TP",1963,3.9671393027635,4.05652144758797,3.88114842718172
"1071","TP",1964,3.96687986453055,4.05624107213661,3.88163380616652
"1072","TP",1965,3.96660197043884,4.05489578105448,3.88099831886288
"1073","TP",1966,3.9661325156754,4.05328087094944,3.88047633571611
"1074","TP",1967,3.96493652037489,4.05318830441812,3.8773853189035
"1075","TP",1968,3.96386747730846,4.05144841785536,3.87690835154707
"1076","TP",1969,3.9624520950754,4.04848239121514,3.87588487610843
"1077","TP",1970,3.96010235144598,4.04527015773414,3.87359519522915
"1078","TP",1971,3.95812446944797,4.04186443825327,3.87096334248258
"1079","TP",1972,3.9560239803879,4.03827798791736,3.86814654755549
"1080","TP",1973,3.95405355005802,4.03578005240961,3.86599036989113
"1081","TP",1974,3.95166424570586,4.03152632295724,3.86416771618165
"1082","TP",1975,3.94885570718783,4.02875085483413,3.86254697169713
"1083","TP",1976,3.94621949916449,4.02682965114725,3.86067590804025
"1084","TP",1977,3.94368905377358,4.0235544323609,3.85944412109244
"1085","TP",1978,3.94144128042025,4.01990852910155,3.85857466665256
"1086","TP",1979,3.93914314012041,4.01731439505048,3.85687770262335
"1087","TP",1980,3.93622797563152,4.0133878299125,3.85503938500903
"1088","TP",1981,3.93349556615614,4.01039650598828,3.85315853420574
"1089","TP",1982,3.93063952783241,4.00608190457138,3.85161682921593
"1090","TP",1983,3.92787358343888,4.00119027835057,3.84939160343417
"1091","TP",1984,3.92526679874723,3.99789954530457,3.84715193970302
"1092","TP",1985,3.9220163086449,3.99361585976408,3.84528585895654
"1093","TP",1986,3.91879807486191,3.98852804793279,3.84260493396618
"1094","TP",1987,3.91541617876469,3.9843407388524,3.84030292723313
"1095","TP",1988,3.9118311303912,3.97981229047274,3.83791967934462
"1096","TP",1989,3.90817648148836,3.97496575393654,3.83552117654642
"1097","TP",1990,3.90491979811477,3.97009675146547,3.83371351116259
"1098","TP",1991,3.90117388871723,3.96582060867824,3.83234462545901
"1099","TP",1992,3.89753054102051,3.96219801240111,3.83023757671765
"1100","TP",1993,3.894162898678,3.95864412204372,3.82649915590586
"1101","TP",1994,3.89056014228722,3.9553742515604,3.82330839358888
"1102","TP",1995,3.88665812589607,3.95142057978649,3.82065858950835
"1103","TP",1996,3.88300359639683,3.9480860781885,3.81615907309043
"1104","TP",1997,3.87894625346798,3.94337612654552,3.81316035155499
"1105","TP",1998,3.87417335490456,3.93911962735081,3.80802413937542
"1106","TP",1999,3.86920417357117,3.93442883074878,3.80256573702685
"1107","TP",2000,3.86386099742109,3.93198108570629,3.79832692863952
"1108","TP",2001,3.86002586943705,3.92780790613204,3.79406643316288
"1109","TP",2002,3.85574437086317,3.92418317908039,3.78933435467541
"1110","TP",2003,3.85204262129635,3.92250515273889,3.78410121416044
"1111","TP",2004,3.84713740762344,3.91942187308026,3.77728275408831
"1112","TP",2005,3.84198744947126,3.91699704771275,3.76958313748677
"1113","TP",2006,3.83602960718777,3.91602187914027,3.76267595182523
"1114","TP",2007,3.83038763853381,3.91268232952791,3.75320600074274
"1115","TP",2008,3.82516885556865,3.91041771883805,3.74645995406136
"1116","TP",2009,3.82070787123617,3.90680446340232,3.73681470167858
"1117","TP",2010,3.81532764580245,3.90499247169723,3.72563221298739
"1118","TP",2011,3.81023106845898,3.90413212840751,3.715050242236
"1119","TP",2012,3.80418911916092,3.90410932955266,3.70639278832073
"1120","TP",2013,3.79907944574078,3.90235531063994,3.69493930564482
"1121","TP",2014,3.79365916984497,3.90149739648541,3.6845626107444
"1122","TP",2015,3.7885150843965,3.90161558676547,3.67444792849949
